job_id,dataset_path,target_col,variant,seed,lookback,hidden_dim,num_layers,dropout,lr,weight_decay,n_samples,n_pids,overall_r2,fold_r2_mean,fold_r2_std,elapsed_sec
abl_w6_s1_h20_archold_supportonly_seed42,/home/chris/Documents/mlife/data/cleaned/weight_windows_future_targets_all_weeks.csv,next_20wk_weight_change,supportonly,42,4,32,2,0.3,0.001,0.001,2216,108,0.1745897286113167,0.1064442157745361,0.1333642421930578,31.192477464675903
abl_w6_s1_h20_archold_supportonly_seed69,/home/chris/Documents/mlife/data/cleaned/weight_windows_future_targets_all_weeks.csv,next_20wk_weight_change,supportonly,69,4,32,2,0.3,0.001,0.001,2216,108,0.1507076976402867,0.0965768575668335,0.1201564618784367,29.03613829612732
abl_w6_s1_h20_archold_supportonly_seed123,/home/chris/Documents/mlife/data/cleaned/weight_windows_future_targets_all_weeks.csv,next_20wk_weight_change,supportonly,123,4,32,2,0.3,0.001,0.001,2216,108,0.1413434013591596,0.0854164481163024,0.1152704630533077,28.810426712036133
abl_w6_s1_h20_archold_supportonly_seed456,/home/chris/Documents/mlife/data/cleaned/weight_windows_future_targets_all_weeks.csv,next_20wk_weight_change,supportonly,456,4,32,2,0.3,0.001,0.001,2216,108,0.1273575123113806,0.0736436605453491,0.1164995207636868,27.79179811477661
abl_w6_s1_h20_archold_supportonly_seed789,/home/chris/Documents/mlife/data/cleaned/weight_windows_future_targets_all_weeks.csv,next_20wk_weight_change,supportonly,789,4,32,2,0.3,0.001,0.001,2216,108,0.1311259328105839,0.0804179668426513,0.1030572002286509,29.185114860534668
abl_w6_s1_h20_archold_supportonly_seed1024,/home/chris/Documents/mlife/data/cleaned/weight_windows_future_targets_all_weeks.csv,next_20wk_weight_change,supportonly,1024,4,32,2,0.3,0.001,0.001,2216,108,0.1504745619041018,0.095525050163269,0.10469653886942,30.811673879623413
abl_w6_s1_h20_archold_supportonly_seed2048,/home/chris/Documents/mlife/data/cleaned/weight_windows_future_targets_all_weeks.csv,next_20wk_weight_change,supportonly,2048,4,32,2,0.3,0.001,0.001,2216,108,0.16381746987278,0.1018412590026855,0.1343376294945386,31.405405282974243
abl_w6_s1_h20_archold_supportonly_seed3333,/home/chris/Documents/mlife/data/cleaned/weight_windows_future_targets_all_weeks.csv,next_20wk_weight_change,supportonly,3333,4,32,2,0.3,0.001,0.001,2216,108,0.1571803896799388,0.0952592968940734,0.1285543879719292,31.71683406829834
abl_w6_s1_h20_archold_supportonly_seed5555,/home/chris/Documents/mlife/data/cleaned/weight_windows_future_targets_all_weeks.csv,next_20wk_weight_change,supportonly,5555,4,32,2,0.3,0.001,0.001,2216,108,0.1730013844402761,0.1056710839271545,0.1502415405144425,31.979934215545654
abl_w6_s1_h20_archold_supportonly_seed7777,/home/chris/Documents/mlife/data/cleaned/weight_windows_future_targets_all_weeks.csv,next_20wk_weight_change,supportonly,7777,4,32,2,0.3,0.001,0.001,2216,108,0.1583463879190723,0.096283996105194,0.1301438973419384,30.97540545463562
abl_w6_s1_h20_archold_supportonly_seed9999,/home/chris/Documents/mlife/data/cleaned/weight_windows_future_targets_all_weeks.csv,next_20wk_weight_change,supportonly,9999,4,32,2,0.3,0.001,0.001,2216,108,0.1544871704537807,0.0952703118324279,0.1105888523979454,31.55015754699707
abl_w6_s1_h20_archold_supportonly_seed100,/home/chris/Documents/mlife/data/cleaned/weight_windows_future_targets_all_weeks.csv,next_20wk_weight_change,supportonly,100,4,32,2,0.3,0.001,0.001,2216,108,0.1611545847274523,0.0976130962371826,0.145399131212923,32.77348756790161
abl_w6_s1_h20_archold_supportonly_seed200,/home/chris/Documents/mlife/data/cleaned/weight_windows_future_targets_all_weeks.csv,next_20wk_weight_change,supportonly,200,4,32,2,0.3,0.001,0.001,2216,108,0.1613005273371678,0.0970292568206787,0.1370718678907291,30.36989116668701
abl_w6_s1_h20_archold_supportonly_seed300,/home/chris/Documents/mlife/data/cleaned/weight_windows_future_targets_all_weeks.csv,next_20wk_weight_change,supportonly,300,4,32,2,0.3,0.001,0.001,2216,108,0.1238835207128566,0.0691899538040161,0.1229059453630984,39.6945219039917
abl_w6_s1_h20_archold_supportonly_seed400,/home/chris/Documents/mlife/data/cleaned/weight_windows_future_targets_all_weeks.csv,next_20wk_weight_change,supportonly,400,4,32,2,0.3,0.001,0.001,2216,108,0.1631595779047541,0.1009307622909545,0.1273224534150738,30.5079402923584
abl_w6_s1_h20_archold_supportonly_seed500,/home/chris/Documents/mlife/data/cleaned/weight_windows_future_targets_all_weeks.csv,next_20wk_weight_change,supportonly,500,4,32,2,0.3,0.001,0.001,2216,108,0.1480311804654644,0.0893756747245788,0.1278662544140425,31.829163312911987
abl_w6_s1_h20_archold_supportonly_seed1234,/home/chris/Documents/mlife/data/cleaned/weight_windows_future_targets_all_weeks.csv,next_20wk_weight_change,supportonly,1234,4,32,2,0.3,0.001,0.001,2216,108,0.1385578716146465,0.08516366481781,0.126593523053302,29.889583349227905
abl_w6_s1_h20_archold_supportonly_seed5678,/home/chris/Documents/mlife/data/cleaned/weight_windows_future_targets_all_weeks.csv,next_20wk_weight_change,supportonly,5678,4,32,2,0.3,0.001,0.001,2216,108,0.1524812008425531,0.0954447269439697,0.1291453685926283,30.048699140548703
abl_w6_s1_h20_archold_supportonly_seed8888,/home/chris/Documents/mlife/data/cleaned/weight_windows_future_targets_all_weeks.csv,next_20wk_weight_change,supportonly,8888,4,32,2,0.3,0.001,0.001,2216,108,0.1557139322774425,0.0943518996238708,0.1306577586733895,32.0058650970459
abl_w6_s1_h20_archold_supportonly_seed31337,/home/chris/Documents/mlife/data/cleaned/weight_windows_future_targets_all_weeks.csv,next_20wk_weight_change,supportonly,31337,4,32,2,0.3,0.001,0.001,2216,108,0.1428454890590221,0.085968804359436,0.1167807140012786,29.607905626296997
abl_w6_s1_h20_archnew_supportonly_seed42,/home/chris/Documents/mlife/data/cleaned/weight_windows_future_targets_all_weeks.csv,next_20wk_weight_change,supportonly,42,4,64,2,0.2,0.001,0.001,2216,108,0.1514457235529933,0.088804543018341,0.1370937930708785,31.476654529571533
abl_w6_s1_h20_archnew_supportonly_seed69,/home/chris/Documents/mlife/data/cleaned/weight_windows_future_targets_all_weeks.csv,next_20wk_weight_change,supportonly,69,4,64,2,0.2,0.001,0.001,2216,108,0.1454975474631865,0.0844164252281189,0.1133769917986042,29.64304900169373
abl_w6_s1_h20_archnew_supportonly_seed123,/home/chris/Documents/mlife/data/cleaned/weight_windows_future_targets_all_weeks.csv,next_20wk_weight_change,supportonly,123,4,64,2,0.2,0.001,0.001,2216,108,0.149486026034906,0.0906333446502685,0.11229947564838,33.27346897125244
abl_w6_s1_h20_archnew_supportonly_seed456,/home/chris/Documents/mlife/data/cleaned/weight_windows_future_targets_all_weeks.csv,next_20wk_weight_change,supportonly,456,4,64,2,0.2,0.001,0.001,2216,108,0.1372236248907522,0.0819217324256897,0.1078940102837887,32.80653691291809
abl_w6_s1_h20_archnew_supportonly_seed789,/home/chris/Documents/mlife/data/cleaned/weight_windows_future_targets_all_weeks.csv,next_20wk_weight_change,supportonly,789,4,64,2,0.2,0.001,0.001,2216,108,0.1224013429490381,0.0605202794075012,0.1302765016627606,37.64470720291138
abl_w6_s1_h20_archnew_supportonly_seed1024,/home/chris/Documents/mlife/data/cleaned/weight_windows_future_targets_all_weeks.csv,next_20wk_weight_change,supportonly,1024,4,64,2,0.2,0.001,0.001,2216,108,0.1688372457949684,0.1058600544929504,0.1428257258829553,30.4085693359375
abl_w6_s1_h20_archnew_supportonly_seed2048,/home/chris/Documents/mlife/data/cleaned/weight_windows_future_targets_all_weeks.csv,next_20wk_weight_change,supportonly,2048,4,64,2,0.2,0.001,0.001,2216,108,0.1894972341476444,0.1272551774978637,0.098118696616335,42.73450040817261
abl_w6_s1_h20_archnew_supportonly_seed3333,/home/chris/Documents/mlife/data/cleaned/weight_windows_future_targets_all_weeks.csv,next_20wk_weight_change,supportonly,3333,4,64,2,0.2,0.001,0.001,2216,108,0.1643731478439674,0.1063217878341674,0.0900077457651138,48.70678687095642
abl_w6_s1_h20_archnew_supportonly_seed5555,/home/chris/Documents/mlife/data/cleaned/weight_windows_future_targets_all_weeks.csv,next_20wk_weight_change,supportonly,5555,4,64,2,0.2,0.001,0.001,2216,108,0.1621595807734704,0.1070101380348205,0.1386794905231702,28.315794229507446
abl_w6_s1_h20_archnew_supportonly_seed7777,/home/chris/Documents/mlife/data/cleaned/weight_windows_future_targets_all_weeks.csv,next_20wk_weight_change,supportonly,7777,4,64,2,0.2,0.001,0.001,2216,108,0.1645500918955712,0.1003883361816406,0.1399656865184154,28.299633264541622
abl_w6_s1_h20_archnew_supportonly_seed9999,/home/chris/Documents/mlife/data/cleaned/weight_windows_future_targets_all_weeks.csv,next_20wk_weight_change,supportonly,9999,4,64,2,0.2,0.001,0.001,2216,108,0.1601195651151632,0.1021481394767761,0.141949046147198,29.863224506378177
abl_w6_s1_h20_archnew_supportonly_seed100,/home/chris/Documents/mlife/data/cleaned/weight_windows_future_targets_all_weeks.csv,next_20wk_weight_change,supportonly,100,4,64,2,0.2,0.001,0.001,2216,108,0.1452924228410398,0.0829194068908691,0.1339812698194102,28.351612091064453
abl_w6_s1_h20_archnew_supportonly_seed200,/home/chris/Documents/mlife/data/cleaned/weight_windows_future_targets_all_weeks.csv,next_20wk_weight_change,supportonly,200,4,64,2,0.2,0.001,0.001,2216,108,0.1680112265004042,0.1085425972938537,0.1324119973841204,29.400555849075317
abl_w6_s1_h20_archnew_supportonly_seed300,/home/chris/Documents/mlife/data/cleaned/weight_windows_future_targets_all_weeks.csv,next_20wk_weight_change,supportonly,300,4,64,2,0.2,0.001,0.001,2216,108,0.1429845199821281,0.0848172426223754,0.1187840169031501,27.88200879096985
abl_w6_s1_h20_archnew_supportonly_seed400,/home/chris/Documents/mlife/data/cleaned/weight_windows_future_targets_all_weeks.csv,next_20wk_weight_change,supportonly,400,4,64,2,0.2,0.001,0.001,2216,108,0.2042162833960622,0.141616666316986,0.0920791968865379,43.546454429626465
abl_w6_s1_h20_archnew_supportonly_seed500,/home/chris/Documents/mlife/data/cleaned/weight_windows_future_targets_all_weeks.csv,next_20wk_weight_change,supportonly,500,4,64,2,0.2,0.001,0.001,2216,108,0.1516893127467935,0.0973444819450378,0.139758901620513,29.813714504241943
abl_w6_s1_h20_archnew_supportonly_seed1234,/home/chris/Documents/mlife/data/cleaned/weight_windows_future_targets_all_weeks.csv,next_20wk_weight_change,supportonly,1234,4,64,2,0.2,0.001,0.001,2216,108,0.1345333263832675,0.076613974571228,0.1247824690366808,28.348337411880493
abl_w6_s1_h20_archnew_supportonly_seed5678,/home/chris/Documents/mlife/data/cleaned/weight_windows_future_targets_all_weeks.csv,next_20wk_weight_change,supportonly,5678,4,64,2,0.2,0.001,0.001,2216,108,0.1557331435421642,0.0940904021263122,0.1315346717848172,33.17796587944031
abl_w6_s1_h20_archnew_supportonly_seed8888,/home/chris/Documents/mlife/data/cleaned/weight_windows_future_targets_all_weeks.csv,next_20wk_weight_change,supportonly,8888,4,64,2,0.2,0.001,0.001,2216,108,0.1712761616772758,0.1088884711265563,0.0913700594416998,41.48181867599487
abl_w6_s1_h20_archnew_supportonly_seed31337,/home/chris/Documents/mlife/data/cleaned/weight_windows_future_targets_all_weeks.csv,next_20wk_weight_change,supportonly,31337,4,64,2,0.2,0.001,0.001,2216,108,0.1638809475278225,0.0966583609580993,0.138858923550744,29.68892192840576
abl_w6_s1_h20_archold_supportwc_seed42,/home/chris/Documents/mlife/data/cleaned/weight_windows_future_targets_all_weeks.csv,next_20wk_weight_change,supportwc,42,4,32,2,0.3,0.001,0.001,2216,108,0.3426302505734344,0.2775517106056213,0.1469786093346979,56.10565376281738
abl_w6_s1_h20_archold_supportwc_seed69,/home/chris/Documents/mlife/data/cleaned/weight_windows_future_targets_all_weeks.csv,next_20wk_weight_change,supportwc,69,4,32,2,0.3,0.001,0.001,2216,108,0.3423734086620649,0.2802493214607239,0.1482329490229639,48.81660723686218
abl_w6_s1_h20_archold_supportwc_seed123,/home/chris/Documents/mlife/data/cleaned/weight_windows_future_targets_all_weeks.csv,next_20wk_weight_change,supportwc,123,4,32,2,0.3,0.001,0.001,2216,108,0.3418513624453391,0.2787682175636291,0.132695086199468,48.60604929924011
abl_w6_s1_h20_archold_supportwc_seed456,/home/chris/Documents/mlife/data/cleaned/weight_windows_future_targets_all_weeks.csv,next_20wk_weight_change,supportwc,456,4,32,2,0.3,0.001,0.001,2216,108,0.3601118494729102,0.2949329257011414,0.1444526519661934,53.22221827507019
abl_w6_s1_h20_archold_supportwc_seed789,/home/chris/Documents/mlife/data/cleaned/weight_windows_future_targets_all_weeks.csv,next_20wk_weight_change,supportwc,789,4,32,2,0.3,0.001,0.001,2216,108,0.335120035631259,0.2651579618453979,0.1527870764119133,53.718772649765015
abl_w6_s1_h20_archold_supportwc_seed1024,/home/chris/Documents/mlife/data/cleaned/weight_windows_future_targets_all_weeks.csv,next_20wk_weight_change,supportwc,1024,4,32,2,0.3,0.001,0.001,2216,108,0.3469135665026488,0.2788429021835327,0.1466071323437082,51.242666721343994
abl_w6_s1_h20_archold_supportwc_seed2048,/home/chris/Documents/mlife/data/cleaned/weight_windows_future_targets_all_weeks.csv,next_20wk_weight_change,supportwc,2048,4,32,2,0.3,0.001,0.001,2216,108,0.343431963435827,0.2734774231910705,0.1552586350511954,59.390129804611206
abl_w6_s1_h20_archold_supportwc_seed3333,/home/chris/Documents/mlife/data/cleaned/weight_windows_future_targets_all_weeks.csv,next_20wk_weight_change,supportwc,3333,4,32,2,0.3,0.001,0.001,2216,108,0.3312738575062537,0.2750858545303344,0.1250091905466185,51.34603214263916
abl_w6_s1_h20_archold_supportwc_seed5555,/home/chris/Documents/mlife/data/cleaned/weight_windows_future_targets_all_weeks.csv,next_20wk_weight_change,supportwc,5555,4,32,2,0.3,0.001,0.001,2216,108,0.3369180917142391,0.276742959022522,0.1365342474449515,62.169766902923584
abl_w6_s1_h20_archold_supportwc_seed7777,/home/chris/Documents/mlife/data/cleaned/weight_windows_future_targets_all_weeks.csv,next_20wk_weight_change,supportwc,7777,4,32,2,0.3,0.001,0.001,2216,108,0.3532010252720703,0.2814308762550354,0.1530587397263549,49.40740609169006
abl_w6_s1_h20_archold_supportwc_seed9999,/home/chris/Documents/mlife/data/cleaned/weight_windows_future_targets_all_weeks.csv,next_20wk_weight_change,supportwc,9999,4,32,2,0.3,0.001,0.001,2216,108,0.3381620851854465,0.2671019673347473,0.1625493313502087,48.163809299468994
abl_w6_s1_h20_archold_supportwc_seed100,/home/chris/Documents/mlife/data/cleaned/weight_windows_future_targets_all_weeks.csv,next_20wk_weight_change,supportwc,100,4,32,2,0.3,0.001,0.001,2216,108,0.3343721644785355,0.269764244556427,0.1417676117104359,61.8929762840271
abl_w6_s1_h20_archold_supportwc_seed200,/home/chris/Documents/mlife/data/cleaned/weight_windows_future_targets_all_weeks.csv,next_20wk_weight_change,supportwc,200,4,32,2,0.3,0.001,0.001,2216,108,0.3502725171384736,0.2767099022865295,0.1902414347107244,47.56943678855896
abl_w6_s1_h20_archold_supportwc_seed300,/home/chris/Documents/mlife/data/cleaned/weight_windows_future_targets_all_weeks.csv,next_20wk_weight_change,supportwc,300,4,32,2,0.3,0.001,0.001,2216,108,0.3316609653253328,0.2622824668884277,0.1490050111980061,79.86183381080627
abl_w6_s1_h20_archold_supportwc_seed400,/home/chris/Documents/mlife/data/cleaned/weight_windows_future_targets_all_weeks.csv,next_20wk_weight_change,supportwc,400,4,32,2,0.3,0.001,0.001,2216,108,0.3346765944953456,0.278159487247467,0.1361588651972682,107.998957157135
abl_w6_s1_h20_archold_supportwc_seed500,/home/chris/Documents/mlife/data/cleaned/weight_windows_future_targets_all_weeks.csv,next_20wk_weight_change,supportwc,500,4,32,2,0.3,0.001,0.001,2216,108,0.3248690814855183,0.2534747242927551,0.1410909487170641,119.68089532852171
abl_w6_s1_h20_archold_supportwc_seed1234,/home/chris/Documents/mlife/data/cleaned/weight_windows_future_targets_all_weeks.csv,next_20wk_weight_change,supportwc,1234,4,32,2,0.3,0.001,0.001,2216,108,0.3390213976989806,0.2699229121208191,0.1605173661869527,122.35652804374696
abl_w6_s1_h20_archold_supportwc_seed5678,/home/chris/Documents/mlife/data/cleaned/weight_windows_future_targets_all_weeks.csv,next_20wk_weight_change,supportwc,5678,4,32,2,0.3,0.001,0.001,2216,108,0.355172226497309,0.2916666865348816,0.1409803909082801,114.76713681221008
abl_w6_s1_h20_archold_supportwc_seed8888,/home/chris/Documents/mlife/data/cleaned/weight_windows_future_targets_all_weeks.csv,next_20wk_weight_change,supportwc,8888,4,32,2,0.3,0.001,0.001,2216,108,0.3605272896088324,0.2923424363136291,0.1468237337170499,135.1815059185028
abl_w6_s1_h20_archold_supportwc_seed31337,/home/chris/Documents/mlife/data/cleaned/weight_windows_future_targets_all_weeks.csv,next_20wk_weight_change,supportwc,31337,4,32,2,0.3,0.001,0.001,2216,108,0.3510085085489167,0.2842751979827881,0.1469255750753985,131.48437333106995
abl_w6_s1_h20_archnew_supportwc_seed42,/home/chris/Documents/mlife/data/cleaned/weight_windows_future_targets_all_weeks.csv,next_20wk_weight_change,supportwc,42,4,64,2,0.2,0.001,0.001,2216,108,0.3296951938017322,0.2605884790420532,0.1595816321849257,98.39018034934998
abl_w6_s1_h20_archnew_supportwc_seed69,/home/chris/Documents/mlife/data/cleaned/weight_windows_future_targets_all_weeks.csv,next_20wk_weight_change,supportwc,69,4,64,2,0.2,0.001,0.001,2216,108,0.3493807701125978,0.2835040092468261,0.1499247093984157,117.47592759132384
abl_w6_s1_h20_archnew_supportwc_seed123,/home/chris/Documents/mlife/data/cleaned/weight_windows_future_targets_all_weeks.csv,next_20wk_weight_change,supportwc,123,4,64,2,0.2,0.001,0.001,2216,108,0.3668286078398264,0.2918573260307312,0.1660198034306887,98.24575233459473
abl_w6_s1_h20_archnew_supportwc_seed456,/home/chris/Documents/mlife/data/cleaned/weight_windows_future_targets_all_weeks.csv,next_20wk_weight_change,supportwc,456,4,64,2,0.2,0.001,0.001,2216,108,0.3375104418524902,0.2701287150382995,0.1567733497669116,110.14871215820312
abl_w6_s1_h20_archnew_supportwc_seed789,/home/chris/Documents/mlife/data/cleaned/weight_windows_future_targets_all_weeks.csv,next_20wk_weight_change,supportwc,789,4,64,2,0.2,0.001,0.001,2216,108,0.3528450754332897,0.2834425926208496,0.1641598190064956,114.43395781517027
abl_w6_s1_h20_archnew_supportwc_seed1024,/home/chris/Documents/mlife/data/cleaned/weight_windows_future_targets_all_weeks.csv,next_20wk_weight_change,supportwc,1024,4,64,2,0.2,0.001,0.001,2216,108,0.3306165427430483,0.2664021015167236,0.1417597192857412,104.0874752998352
abl_w6_s1_h20_archnew_supportwc_seed2048,/home/chris/Documents/mlife/data/cleaned/weight_windows_future_targets_all_weeks.csv,next_20wk_weight_change,supportwc,2048,4,64,2,0.2,0.001,0.001,2216,108,0.3335030014832136,0.2693083047866821,0.1464233926183221,88.49475932121277
abl_w6_s1_h20_archnew_supportwc_seed3333,/home/chris/Documents/mlife/data/cleaned/weight_windows_future_targets_all_weeks.csv,next_20wk_weight_change,supportwc,3333,4,64,2,0.2,0.001,0.001,2216,108,0.352873194559662,0.2865263223648071,0.1577202380943923,115.82400941848756
abl_w6_s1_h20_archnew_supportwc_seed5555,/home/chris/Documents/mlife/data/cleaned/weight_windows_future_targets_all_weeks.csv,next_20wk_weight_change,supportwc,5555,4,64,2,0.2,0.001,0.001,2216,108,0.3332312633550336,0.2653644919395447,0.1600987502435809,100.87561655044556
abl_w6_s1_h20_archnew_supportwc_seed7777,/home/chris/Documents/mlife/data/cleaned/weight_windows_future_targets_all_weeks.csv,next_20wk_weight_change,supportwc,7777,4,64,2,0.2,0.001,0.001,2216,108,0.3512336865873925,0.2732247471809387,0.1845341776026774,98.14175701141356
abl_w6_s1_h20_archnew_supportwc_seed9999,/home/chris/Documents/mlife/data/cleaned/weight_windows_future_targets_all_weeks.csv,next_20wk_weight_change,supportwc,9999,4,64,2,0.2,0.001,0.001,2216,108,0.356093036430104,0.2873398303985596,0.1628279635456428,105.01709055900574
abl_w6_s1_h20_archnew_supportwc_seed100,/home/chris/Documents/mlife/data/cleaned/weight_windows_future_targets_all_weeks.csv,next_20wk_weight_change,supportwc,100,4,64,2,0.2,0.001,0.001,2216,108,0.3618355066098131,0.2994235396385193,0.1372337772369534,96.58621907234192
abl_w6_s1_h20_archnew_supportwc_seed200,/home/chris/Documents/mlife/data/cleaned/weight_windows_future_targets_all_weeks.csv,next_20wk_weight_change,supportwc,200,4,64,2,0.2,0.001,0.001,2216,108,0.3425886636622924,0.271769106388092,0.1705014694652976,43.56764578819275
abl_w6_s1_h20_archnew_supportwc_seed300,/home/chris/Documents/mlife/data/cleaned/weight_windows_future_targets_all_weeks.csv,next_20wk_weight_change,supportwc,300,4,64,2,0.2,0.001,0.001,2216,108,0.3160777234979781,0.2501747250556946,0.1566997747751431,40.485777854919434
abl_w6_s1_h20_archnew_supportwc_seed400,/home/chris/Documents/mlife/data/cleaned/weight_windows_future_targets_all_weeks.csv,next_20wk_weight_change,supportwc,400,4,64,2,0.2,0.001,0.001,2216,108,0.3302719490905681,0.2616871356964111,0.1626574725660943,43.51938438415527
abl_w6_s1_h20_archnew_supportwc_seed500,/home/chris/Documents/mlife/data/cleaned/weight_windows_future_targets_all_weeks.csv,next_20wk_weight_change,supportwc,500,4,64,2,0.2,0.001,0.001,2216,108,0.3374683496340017,0.2715451717376709,0.1517917859572498,47.941035985946655
abl_w6_s1_h20_archnew_supportwc_seed1234,/home/chris/Documents/mlife/data/cleaned/weight_windows_future_targets_all_weeks.csv,next_20wk_weight_change,supportwc,1234,4,64,2,0.2,0.001,0.001,2216,108,0.3338701445603751,0.2699747800827026,0.1411638680612935,55.236786127090454
abl_w6_s1_h20_archnew_supportwc_seed5678,/home/chris/Documents/mlife/data/cleaned/weight_windows_future_targets_all_weeks.csv,next_20wk_weight_change,supportwc,5678,4,64,2,0.2,0.001,0.001,2216,108,0.363353305313401,0.2910473704338073,0.165647145314848,52.01726317405701
abl_w6_s1_h20_archnew_supportwc_seed8888,/home/chris/Documents/mlife/data/cleaned/weight_windows_future_targets_all_weeks.csv,next_20wk_weight_change,supportwc,8888,4,64,2,0.2,0.001,0.001,2216,108,0.3311501998666369,0.262580919265747,0.1726307401909361,61.86185598373413
abl_w6_s1_h20_archnew_supportwc_seed31337,/home/chris/Documents/mlife/data/cleaned/weight_windows_future_targets_all_weeks.csv,next_20wk_weight_change,supportwc,31337,4,64,2,0.2,0.001,0.001,2216,108,0.3546605776216985,0.2888654232025146,0.1544360166624028,66.59190034866333
abl_w6_s1_h20_archold_wconly_seed42,/home/chris/Documents/mlife/data/cleaned/weight_windows_future_targets_all_weeks.csv,next_20wk_weight_change,wconly,42,4,32,2,0.3,0.001,0.001,2216,108,0.2686638165342131,0.2104347467422485,0.1092447410575568,53.160831928253174
abl_w6_s1_h20_archold_wconly_seed69,/home/chris/Documents/mlife/data/cleaned/weight_windows_future_targets_all_weeks.csv,next_20wk_weight_change,wconly,69,4,32,2,0.3,0.001,0.001,2216,108,0.2942651698723721,0.226480233669281,0.1380690197115188,64.28120994567871
abl_w6_s1_h20_archold_wconly_seed123,/home/chris/Documents/mlife/data/cleaned/weight_windows_future_targets_all_weeks.csv,next_20wk_weight_change,wconly,123,4,32,2,0.3,0.001,0.001,2216,108,0.2781206202823238,0.212020468711853,0.1356521383803508,56.50724673271179
abl_w6_s1_h20_archold_wconly_seed456,/home/chris/Documents/mlife/data/cleaned/weight_windows_future_targets_all_weeks.csv,next_20wk_weight_change,wconly,456,4,32,2,0.3,0.001,0.001,2216,108,0.2757389001590031,0.2110511898994445,0.1278958271469937,56.01758575439453
abl_w6_s1_h20_archold_wconly_seed789,/home/chris/Documents/mlife/data/cleaned/weight_windows_future_targets_all_weeks.csv,next_20wk_weight_change,wconly,789,4,32,2,0.3,0.001,0.001,2216,108,0.2801740337349893,0.2146745443344116,0.1279233835827205,54.71008920669556
abl_w6_s1_h20_archold_wconly_seed1024,/home/chris/Documents/mlife/data/cleaned/weight_windows_future_targets_all_weeks.csv,next_20wk_weight_change,wconly,1024,4,32,2,0.3,0.001,0.001,2216,108,0.2828758094638,0.2215927720069885,0.1269297408275136,62.62076163291931
abl_w6_s1_h20_archold_wconly_seed2048,/home/chris/Documents/mlife/data/cleaned/weight_windows_future_targets_all_weeks.csv,next_20wk_weight_change,wconly,2048,4,32,2,0.3,0.001,0.001,2216,108,0.2757987200078446,0.2156625628471374,0.1220088391445778,69.12591433525085
abl_w6_s1_h20_archold_wconly_seed3333,/home/chris/Documents/mlife/data/cleaned/weight_windows_future_targets_all_weeks.csv,next_20wk_weight_change,wconly,3333,4,32,2,0.3,0.001,0.001,2216,108,0.2934618446857487,0.2261960029602051,0.1443266864018209,62.55436563491821
abl_w6_s1_h20_archold_wconly_seed5555,/home/chris/Documents/mlife/data/cleaned/weight_windows_future_targets_all_weeks.csv,next_20wk_weight_change,wconly,5555,4,32,2,0.3,0.001,0.001,2216,108,0.2923781218108277,0.2272910475730896,0.1351582527407382,57.778101205825806
abl_w6_s1_h20_archold_wconly_seed7777,/home/chris/Documents/mlife/data/cleaned/weight_windows_future_targets_all_weeks.csv,next_20wk_weight_change,wconly,7777,4,32,2,0.3,0.001,0.001,2216,108,0.2806968970222281,0.2171847462654113,0.1255983329236287,50.576495885849
abl_w6_s1_h20_archold_wconly_seed9999,/home/chris/Documents/mlife/data/cleaned/weight_windows_future_targets_all_weeks.csv,next_20wk_weight_change,wconly,9999,4,32,2,0.3,0.001,0.001,2216,108,0.2839015376137259,0.2200620293617248,0.1256945428030901,46.50221586227417
abl_w6_s1_h20_archold_wconly_seed100,/home/chris/Documents/mlife/data/cleaned/weight_windows_future_targets_all_weeks.csv,next_20wk_weight_change,wconly,100,4,32,2,0.3,0.001,0.001,2216,108,0.2766844967312388,0.2153045535087585,0.1215724637732601,42.644755840301514
abl_w6_s1_h20_archold_wconly_seed200,/home/chris/Documents/mlife/data/cleaned/weight_windows_future_targets_all_weeks.csv,next_20wk_weight_change,wconly,200,4,32,2,0.3,0.001,0.001,2216,108,0.2710593464220799,0.2083368778228759,0.1196925102492634,39.78924298286438
abl_w6_s1_h20_archold_wconly_seed300,/home/chris/Documents/mlife/data/cleaned/weight_windows_future_targets_all_weeks.csv,next_20wk_weight_change,wconly,300,4,32,2,0.3,0.001,0.001,2216,108,0.278703707767479,0.2139484643936157,0.1304110777759286,51.091697454452515
abl_w6_s1_h20_archold_wconly_seed400,/home/chris/Documents/mlife/data/cleaned/weight_windows_future_targets_all_weeks.csv,next_20wk_weight_change,wconly,400,4,32,2,0.3,0.001,0.001,2216,108,0.276024287094771,0.2150547742843628,0.1239771100325016,47.02394652366638
abl_w6_s1_h20_archold_wconly_seed500,/home/chris/Documents/mlife/data/cleaned/weight_windows_future_targets_all_weeks.csv,next_20wk_weight_change,wconly,500,4,32,2,0.3,0.001,0.001,2216,108,0.2773828671388143,0.2149936556816101,0.1243887452475331,40.08636021614075
abl_w6_s1_h20_archold_wconly_seed1234,/home/chris/Documents/mlife/data/cleaned/weight_windows_future_targets_all_weeks.csv,next_20wk_weight_change,wconly,1234,4,32,2,0.3,0.001,0.001,2216,108,0.2873697405742349,0.222048270702362,0.1333942843264602,38.268903732299805
abl_w6_s1_h20_archold_wconly_seed5678,/home/chris/Documents/mlife/data/cleaned/weight_windows_future_targets_all_weeks.csv,next_20wk_weight_change,wconly,5678,4,32,2,0.3,0.001,0.001,2216,108,0.2800716998441451,0.2134544372558593,0.1313124505834136,40.82043766975403
abl_w6_s1_h20_archold_wconly_seed8888,/home/chris/Documents/mlife/data/cleaned/weight_windows_future_targets_all_weeks.csv,next_20wk_weight_change,wconly,8888,4,32,2,0.3,0.001,0.001,2216,108,0.2872631561543846,0.2215488314628601,0.1324929543488254,43.859169721603394
abl_w6_s1_h20_archold_wconly_seed31337,/home/chris/Documents/mlife/data/cleaned/weight_windows_future_targets_all_weeks.csv,next_20wk_weight_change,wconly,31337,4,32,2,0.3,0.001,0.001,2216,108,0.2915867095100436,0.2263417959213257,0.1339191494509252,40.315226316452026
abl_w6_s1_h20_archold_nosupporthighreg_seed5555,/home/chris/Documents/mlife/data/cleaned/weight_windows_future_targets_all_weeks.csv,next_20wk_weight_change,nosupporthighreg,5555,4,32,2,0.5,0.001,0.01,2216,108,0.2511199566948026,0.1904144763946533,0.1291424992386231,40.82575345039368
abl_w6_s1_h20_archold_nosupporthighreg_seed7777,/home/chris/Documents/mlife/data/cleaned/weight_windows_future_targets_all_weeks.csv,next_20wk_weight_change,nosupporthighreg,7777,4,32,2,0.5,0.001,0.01,2216,108,0.2643709794601443,0.2015029549598694,0.1249810884953336,42.08306694030762
abl_w6_s1_h20_archold_nosupporthighreg_seed9999,/home/chris/Documents/mlife/data/cleaned/weight_windows_future_targets_all_weeks.csv,next_20wk_weight_change,nosupporthighreg,9999,4,32,2,0.5,0.001,0.01,2216,108,0.2660066315274095,0.2046272039413452,0.1289247220448331,41.63217544555664
abl_w6_s1_h20_archold_nosupporthighreg_seed100,/home/chris/Documents/mlife/data/cleaned/weight_windows_future_targets_all_weeks.csv,next_20wk_weight_change,nosupporthighreg,100,4,32,2,0.5,0.001,0.01,2216,108,0.2504687850252121,0.1940619111061096,0.1174867170396167,46.24072527885437
abl_w6_s1_h20_archold_nosupporthighreg_seed200,/home/chris/Documents/mlife/data/cleaned/weight_windows_future_targets_all_weeks.csv,next_20wk_weight_change,nosupporthighreg,200,4,32,2,0.5,0.001,0.01,2216,108,0.2633982020261426,0.1987198114395141,0.1340456749293161,44.71393585205078
abl_w6_s1_h20_archold_nosupporthighreg_seed300,/home/chris/Documents/mlife/data/cleaned/weight_windows_future_targets_all_weeks.csv,next_20wk_weight_change,nosupporthighreg,300,4,32,2,0.5,0.001,0.01,2216,108,0.2564943100176017,0.1962397933006286,0.1265858872535787,45.786808490753174
abl_w6_s1_h20_archold_nosupporthighreg_seed400,/home/chris/Documents/mlife/data/cleaned/weight_windows_future_targets_all_weeks.csv,next_20wk_weight_change,nosupporthighreg,400,4,32,2,0.5,0.001,0.01,2216,108,0.2544783910809839,0.1920167088508605,0.133042182009317,45.77666449546814
abl_w6_s1_h20_archold_nosupporthighreg_seed500,/home/chris/Documents/mlife/data/cleaned/weight_windows_future_targets_all_weeks.csv,next_20wk_weight_change,nosupporthighreg,500,4,32,2,0.5,0.001,0.01,2216,108,0.2442778328066958,0.1845504760742187,0.1257060703135165,40.349135875701904
abl_w6_s1_h20_archold_nosupporthighreg_seed1234,/home/chris/Documents/mlife/data/cleaned/weight_windows_future_targets_all_weeks.csv,next_20wk_weight_change,nosupporthighreg,1234,4,32,2,0.5,0.001,0.01,2216,108,0.2554302197370288,0.1945801138877868,0.1222926036098769,42.75196385383606
abl_w6_s1_h20_archold_nosupporthighreg_seed5678,/home/chris/Documents/mlife/data/cleaned/weight_windows_future_targets_all_weeks.csv,next_20wk_weight_change,nosupporthighreg,5678,4,32,2,0.5,0.001,0.01,2216,108,0.2573446300539187,0.1970783591270447,0.12493958508366,44.123478412628174
abl_w6_s1_h20_archold_nosupporthighreg_seed8888,/home/chris/Documents/mlife/data/cleaned/weight_windows_future_targets_all_weeks.csv,next_20wk_weight_change,nosupporthighreg,8888,4,32,2,0.5,0.001,0.01,2216,108,0.2575505903595012,0.197310996055603,0.1277034582714585,46.689918518066406
abl_w6_s1_h20_archold_nosupporthighreg_seed31337,/home/chris/Documents/mlife/data/cleaned/weight_windows_future_targets_all_weeks.csv,next_20wk_weight_change,nosupporthighreg,31337,4,32,2,0.5,0.001,0.01,2216,108,0.251540177640029,0.1914991736412048,0.121330105675541,41.27153515815735
abl_w6_s1_h20_archnew_nosupporthighreg_seed42,/home/chris/Documents/mlife/data/cleaned/weight_windows_future_targets_all_weeks.csv,next_20wk_weight_change,nosupporthighreg,42,4,64,2,0.5,0.001,0.01,2216,108,0.2718373218305211,0.2089932560920715,0.1331571413144499,43.3667733669281
abl_w6_s1_h20_archnew_nosupporthighreg_seed69,/home/chris/Documents/mlife/data/cleaned/weight_windows_future_targets_all_weeks.csv,next_20wk_weight_change,nosupporthighreg,69,4,64,2,0.5,0.001,0.01,2216,108,0.2644089120589884,0.2012192964553833,0.1245830813158514,44.86545610427856
abl_w6_s1_h20_archnew_nosupporthighreg_seed123,/home/chris/Documents/mlife/data/cleaned/weight_windows_future_targets_all_weeks.csv,next_20wk_weight_change,nosupporthighreg,123,4,64,2,0.5,0.001,0.01,2216,108,0.2623774569945671,0.2006826877593994,0.1297866682054145,41.1049644947052
abl_w6_s1_h20_archnew_nosupporthighreg_seed456,/home/chris/Documents/mlife/data/cleaned/weight_windows_future_targets_all_weeks.csv,next_20wk_weight_change,nosupporthighreg,456,4,64,2,0.5,0.001,0.01,2216,108,0.2543056855125556,0.1950358867645263,0.1266824577004701,42.37013506889343
abl_w6_s1_h20_archnew_wconly_seed42,/home/chris/Documents/mlife/data/cleaned/weight_windows_future_targets_all_weeks.csv,next_20wk_weight_change,wconly,42,4,64,2,0.2,0.001,0.001,2216,108,0.2942188429558691,0.2307763457298279,0.1317864425189654,47.10692024230957
abl_w6_s1_h20_archnew_wconly_seed69,/home/chris/Documents/mlife/data/cleaned/weight_windows_future_targets_all_weeks.csv,next_20wk_weight_change,wconly,69,4,64,2,0.2,0.001,0.001,2216,108,0.285942244682101,0.2178566575050354,0.1377824814409668,43.43330502510071
abl_w6_s1_h20_archnew_wconly_seed123,/home/chris/Documents/mlife/data/cleaned/weight_windows_future_targets_all_weeks.csv,next_20wk_weight_change,wconly,123,4,64,2,0.2,0.001,0.001,2216,108,0.3025225738926637,0.2349057078361511,0.1463943298150814,38.155550956726074
abl_w6_s1_h20_archnew_wconly_seed456,/home/chris/Documents/mlife/data/cleaned/weight_windows_future_targets_all_weeks.csv,next_20wk_weight_change,wconly,456,4,64,2,0.2,0.001,0.001,2216,108,0.2878335670373844,0.2215954303741455,0.1409386055873976,39.80697774887085
abl_w6_s1_h20_archnew_wconly_seed789,/home/chris/Documents/mlife/data/cleaned/weight_windows_future_targets_all_weeks.csv,next_20wk_weight_change,wconly,789,4,64,2,0.2,0.001,0.001,2216,108,0.2900615877394649,0.2243549346923828,0.1390044990833815,44.36733603477478
abl_w6_s1_h20_archnew_wconly_seed1024,/home/chris/Documents/mlife/data/cleaned/weight_windows_future_targets_all_weeks.csv,next_20wk_weight_change,wconly,1024,4,64,2,0.2,0.001,0.001,2216,108,0.2907995676734606,0.2245482802391052,0.1377055803744307,36.70648789405823
abl_w6_s1_h20_archnew_wconly_seed2048,/home/chris/Documents/mlife/data/cleaned/weight_windows_future_targets_all_weeks.csv,next_20wk_weight_change,wconly,2048,4,64,2,0.2,0.001,0.001,2216,108,0.277836004725022,0.2140427947044372,0.1283438104565352,39.23974609375
abl_w6_s1_h20_archnew_wconly_seed3333,/home/chris/Documents/mlife/data/cleaned/weight_windows_future_targets_all_weeks.csv,next_20wk_weight_change,wconly,3333,4,64,2,0.2,0.001,0.001,2216,108,0.2917338450693598,0.225328254699707,0.1419178000334977,42.23832559585571
abl_w6_s1_h20_archnew_wconly_seed5555,/home/chris/Documents/mlife/data/cleaned/weight_windows_future_targets_all_weeks.csv,next_20wk_weight_change,wconly,5555,4,64,2,0.2,0.001,0.001,2216,108,0.2981863347073509,0.2281868457794189,0.1436259461984674,37.56533241271973
abl_w6_s1_h20_archnew_wconly_seed7777,/home/chris/Documents/mlife/data/cleaned/weight_windows_future_targets_all_weeks.csv,next_20wk_weight_change,wconly,7777,4,64,2,0.2,0.001,0.001,2216,108,0.3034296439439666,0.2340658664703369,0.1461512189388535,40.56877064704895
abl_w6_s1_h20_archnew_wconly_seed9999,/home/chris/Documents/mlife/data/cleaned/weight_windows_future_targets_all_weeks.csv,next_20wk_weight_change,wconly,9999,4,64,2,0.2,0.001,0.001,2216,108,0.294106593892577,0.2310397148132324,0.1274887298139944,42.08932638168335
abl_w6_s1_h20_archnew_wconly_seed100,/home/chris/Documents/mlife/data/cleaned/weight_windows_future_targets_all_weeks.csv,next_20wk_weight_change,wconly,100,4,64,2,0.2,0.001,0.001,2216,108,0.2933620589632253,0.2272892832756042,0.1426817262952312,41.486754179000854
abl_w6_s1_h20_archnew_wconly_seed200,/home/chris/Documents/mlife/data/cleaned/weight_windows_future_targets_all_weeks.csv,next_20wk_weight_change,wconly,200,4,64,2,0.2,0.001,0.001,2216,108,0.278537245938233,0.2144465446472168,0.127618456185563,36.35824131965637
abl_w6_s1_h20_archnew_wconly_seed300,/home/chris/Documents/mlife/data/cleaned/weight_windows_future_targets_all_weeks.csv,next_20wk_weight_change,wconly,300,4,64,2,0.2,0.001,0.001,2216,108,0.2962465232289677,0.2279647469520568,0.1417689999568617,35.62773871421814
abl_w6_s1_h20_archnew_wconly_seed400,/home/chris/Documents/mlife/data/cleaned/weight_windows_future_targets_all_weeks.csv,next_20wk_weight_change,wconly,400,4,64,2,0.2,0.001,0.001,2216,108,0.2974881338283128,0.2321161985397339,0.1365717189990619,53.8380446434021
abl_w6_s1_h20_archnew_wconly_seed500,/home/chris/Documents/mlife/data/cleaned/weight_windows_future_targets_all_weeks.csv,next_20wk_weight_change,wconly,500,4,64,2,0.2,0.001,0.001,2216,108,0.2830593901057848,0.2163926362991333,0.1430640927108894,40.17668390274048
abl_w6_s1_h20_archnew_wconly_seed1234,/home/chris/Documents/mlife/data/cleaned/weight_windows_future_targets_all_weeks.csv,next_20wk_weight_change,wconly,1234,4,64,2,0.2,0.001,0.001,2216,108,0.2965784482364624,0.2260639429092407,0.1520807447657741,36.24013304710388
abl_w6_s1_h20_archnew_wconly_seed5678,/home/chris/Documents/mlife/data/cleaned/weight_windows_future_targets_all_weeks.csv,next_20wk_weight_change,wconly,5678,4,64,2,0.2,0.001,0.001,2216,108,0.2887931364891756,0.2240968704223633,0.1388100361772325,44.0824499130249
abl_w6_s1_h20_archnew_wconly_seed8888,/home/chris/Documents/mlife/data/cleaned/weight_windows_future_targets_all_weeks.csv,next_20wk_weight_change,wconly,8888,4,64,2,0.2,0.001,0.001,2216,108,0.2877792727441839,0.2240612983703613,0.1288100875815559,42.80315828323364
abl_w6_s1_h20_archnew_wconly_seed31337,/home/chris/Documents/mlife/data/cleaned/weight_windows_future_targets_all_weeks.csv,next_20wk_weight_change,wconly,31337,4,64,2,0.2,0.001,0.001,2216,108,0.2926959069493292,0.2225988388061523,0.1447710391882089,40.751832008361816
abl_w6_s1_h20_archold_fullhighreg_seed42,/home/chris/Documents/mlife/data/cleaned/weight_windows_future_targets_all_weeks.csv,next_20wk_weight_change,fullhighreg,42,4,32,2,0.5,0.001,0.01,2216,108,0.2416059523298968,0.174814236164093,0.1658012895146523,34.50126814842224
abl_w6_s1_h20_archold_fullhighreg_seed69,/home/chris/Documents/mlife/data/cleaned/weight_windows_future_targets_all_weeks.csv,next_20wk_weight_change,fullhighreg,69,4,32,2,0.5,0.001,0.01,2216,108,0.2561142593511933,0.1845322251319885,0.1705570248117709,33.273176193237305
abl_w6_s1_h20_archold_fullhighreg_seed123,/home/chris/Documents/mlife/data/cleaned/weight_windows_future_targets_all_weeks.csv,next_20wk_weight_change,fullhighreg,123,4,32,2,0.5,0.001,0.01,2216,108,0.2391537111232995,0.1713094234466552,0.1707153475396031,34.3821165561676
abl_w6_s1_h20_archold_fullhighreg_seed456,/home/chris/Documents/mlife/data/cleaned/weight_windows_future_targets_all_weeks.csv,next_20wk_weight_change,fullhighreg,456,4,32,2,0.5,0.001,0.01,2216,108,0.2377682979404386,0.173886752128601,0.158693991703101,29.82532811164856
abl_w6_s1_h20_archold_fullhighreg_seed789,/home/chris/Documents/mlife/data/cleaned/weight_windows_future_targets_all_weeks.csv,next_20wk_weight_change,fullhighreg,789,4,32,2,0.5,0.001,0.01,2216,108,0.2451292475945211,0.1786104202270508,0.1642076921991645,32.98340153694153
abl_w6_s1_h20_archold_fullhighreg_seed1024,/home/chris/Documents/mlife/data/cleaned/weight_windows_future_targets_all_weeks.csv,next_20wk_weight_change,fullhighreg,1024,4,32,2,0.5,0.001,0.01,2216,108,0.2444146450182878,0.1815555810928344,0.165714112447695,34.79240298271179
abl_w6_s1_h20_archold_fullhighreg_seed2048,/home/chris/Documents/mlife/data/cleaned/weight_windows_future_targets_all_weeks.csv,next_20wk_weight_change,fullhighreg,2048,4,32,2,0.5,0.001,0.01,2216,108,0.2426901153376621,0.1738905668258667,0.1695849384354369,32.08031702041626
abl_w6_s1_h20_archold_fullhighreg_seed3333,/home/chris/Documents/mlife/data/cleaned/weight_windows_future_targets_all_weeks.csv,next_20wk_weight_change,fullhighreg,3333,4,32,2,0.5,0.001,0.01,2216,108,0.2372881853270988,0.1698571562767029,0.158607344866468,31.02859616279602
abl_w6_s1_h20_archold_fullhighreg_seed5555,/home/chris/Documents/mlife/data/cleaned/weight_windows_future_targets_all_weeks.csv,next_20wk_weight_change,fullhighreg,5555,4,32,2,0.5,0.001,0.01,2216,108,0.2540771920975347,0.1836904764175415,0.1718637903977214,33.144952058792114
abl_w6_s1_h20_archold_fullhighreg_seed7777,/home/chris/Documents/mlife/data/cleaned/weight_windows_future_targets_all_weeks.csv,next_20wk_weight_change,fullhighreg,7777,4,32,2,0.5,0.001,0.01,2216,108,0.245656313346684,0.1787952780723571,0.165023807385653,32.97682332992554
abl_w6_s1_h20_archold_fullhighreg_seed9999,/home/chris/Documents/mlife/data/cleaned/weight_windows_future_targets_all_weeks.csv,next_20wk_weight_change,fullhighreg,9999,4,32,2,0.5,0.001,0.01,2216,108,0.2360365668739436,0.1700576782226562,0.1619257356641258,30.733248949050903
abl_w6_s1_h20_archold_fullhighreg_seed100,/home/chris/Documents/mlife/data/cleaned/weight_windows_future_targets_all_weeks.csv,next_20wk_weight_change,fullhighreg,100,4,32,2,0.5,0.001,0.01,2216,108,0.2354025120205167,0.1730307340621948,0.1572754274128084,31.043991088867188
abl_w6_s1_h20_archold_fullhighreg_seed200,/home/chris/Documents/mlife/data/cleaned/weight_windows_future_targets_all_weeks.csv,next_20wk_weight_change,fullhighreg,200,4,32,2,0.5,0.001,0.01,2216,108,0.2449531856481546,0.1756939053535461,0.1708605993545644,33.26607704162598
abl_w6_s1_h20_archold_fullhighreg_seed300,/home/chris/Documents/mlife/data/cleaned/weight_windows_future_targets_all_weeks.csv,next_20wk_weight_change,fullhighreg,300,4,32,2,0.5,0.001,0.01,2216,108,0.2468223356276581,0.1776765942573547,0.1737003719118264,32.95776677131653
abl_w6_s1_h20_archold_fullhighreg_seed400,/home/chris/Documents/mlife/data/cleaned/weight_windows_future_targets_all_weeks.csv,next_20wk_weight_change,fullhighreg,400,4,32,2,0.5,0.001,0.01,2216,108,0.2364364130972035,0.1717395901679992,0.1596726359382937,31.284358263015747
abl_w6_s1_h20_archold_fullhighreg_seed500,/home/chris/Documents/mlife/data/cleaned/weight_windows_future_targets_all_weeks.csv,next_20wk_weight_change,fullhighreg,500,4,32,2,0.5,0.001,0.01,2216,108,0.2495407043897094,0.1878218293190002,0.1648109254218212,39.13002920150757
abl_w6_s1_h20_archold_fullhighreg_seed1234,/home/chris/Documents/mlife/data/cleaned/weight_windows_future_targets_all_weeks.csv,next_20wk_weight_change,fullhighreg,1234,4,32,2,0.5,0.001,0.01,2216,108,0.2407896229392886,0.1740993976593017,0.164831449150281,28.62429118156433
abl_w6_s1_h20_archold_fullhighreg_seed5678,/home/chris/Documents/mlife/data/cleaned/weight_windows_future_targets_all_weeks.csv,next_20wk_weight_change,fullhighreg,5678,4,32,2,0.5,0.001,0.01,2216,108,0.2334937570941911,0.170995831489563,0.1558248955810933,34.96145796775818
abl_w6_s1_h20_archold_fullhighreg_seed8888,/home/chris/Documents/mlife/data/cleaned/weight_windows_future_targets_all_weeks.csv,next_20wk_weight_change,fullhighreg,8888,4,32,2,0.5,0.001,0.01,2216,108,0.2356800294160715,0.172529649734497,0.1577178509251498,28.923722982406616
abl_w6_s1_h20_archold_fullhighreg_seed31337,/home/chris/Documents/mlife/data/cleaned/weight_windows_future_targets_all_weeks.csv,next_20wk_weight_change,fullhighreg,31337,4,32,2,0.5,0.001,0.01,2216,108,0.2406956186523663,0.1739203929901123,0.1634599811151585,29.60423755645752
abl_w6_s1_h20_archnew_fullhighreg_seed42,/home/chris/Documents/mlife/data/cleaned/weight_windows_future_targets_all_weeks.csv,next_20wk_weight_change,fullhighreg,42,4,64,2,0.5,0.001,0.01,2216,108,0.2517286070266159,0.1809443831443786,0.1783213805395431,30.071180820465088
abl_w6_s1_h20_archnew_fullhighreg_seed69,/home/chris/Documents/mlife/data/cleaned/weight_windows_future_targets_all_weeks.csv,next_20wk_weight_change,fullhighreg,69,4,64,2,0.5,0.001,0.01,2216,108,0.2378105691193053,0.1724878907203674,0.1632522262503348,35.50898027420044
abl_w6_s1_h20_archnew_fullhighreg_seed123,/home/chris/Documents/mlife/data/cleaned/weight_windows_future_targets_all_weeks.csv,next_20wk_weight_change,fullhighreg,123,4,64,2,0.5,0.001,0.01,2216,108,0.2449303050662296,0.1779588580131531,0.162010155721228,37.765419244766235
abl_w6_s1_h20_archnew_fullhighreg_seed456,/home/chris/Documents/mlife/data/cleaned/weight_windows_future_targets_all_weeks.csv,next_20wk_weight_change,fullhighreg,456,4,64,2,0.5,0.001,0.01,2216,108,0.2382417205949958,0.173777437210083,0.1675771363890132,36.85760855674744
abl_w6_s1_h20_archnew_fullhighreg_seed789,/home/chris/Documents/mlife/data/cleaned/weight_windows_future_targets_all_weeks.csv,next_20wk_weight_change,fullhighreg,789,4,64,2,0.5,0.001,0.01,2216,108,0.2466466591049821,0.1755100607872009,0.1744255387814311,32.365760803222656
abl_w6_s1_h20_archnew_fullhighreg_seed1024,/home/chris/Documents/mlife/data/cleaned/weight_windows_future_targets_all_weeks.csv,next_20wk_weight_change,fullhighreg,1024,4,64,2,0.5,0.001,0.01,2216,108,0.2432864836334617,0.1771835088729858,0.1645744904264474,35.23892331123352
abl_w6_s1_h20_archnew_fullhighreg_seed2048,/home/chris/Documents/mlife/data/cleaned/weight_windows_future_targets_all_weeks.csv,next_20wk_weight_change,fullhighreg,2048,4,64,2,0.5,0.001,0.01,2216,108,0.2357242643588778,0.1729031443595886,0.1577474491015449,33.905651807785034
abl_w6_s1_h20_archnew_fullhighreg_seed3333,/home/chris/Documents/mlife/data/cleaned/weight_windows_future_targets_all_weeks.csv,next_20wk_weight_change,fullhighreg,3333,4,64,2,0.5,0.001,0.01,2216,108,0.2526484728982987,0.183449113368988,0.1734059603831071,31.71944046020508
abl_w6_s1_h20_archnew_fullhighreg_seed5555,/home/chris/Documents/mlife/data/cleaned/weight_windows_future_targets_all_weeks.csv,next_20wk_weight_change,fullhighreg,5555,4,64,2,0.5,0.001,0.01,2216,108,0.2424978016734426,0.1748136639595031,0.1677946711216622,37.329318046569824
abl_w6_s1_h20_archnew_fullhighreg_seed7777,/home/chris/Documents/mlife/data/cleaned/weight_windows_future_targets_all_weeks.csv,next_20wk_weight_change,fullhighreg,7777,4,64,2,0.5,0.001,0.01,2216,108,0.2553999528954056,0.1825942993164062,0.1849989855736427,30.990909337997437
abl_w6_s1_h20_archnew_fullhighreg_seed9999,/home/chris/Documents/mlife/data/cleaned/weight_windows_future_targets_all_weeks.csv,next_20wk_weight_change,fullhighreg,9999,4,64,2,0.5,0.001,0.01,2216,108,0.2571028216998596,0.1866744399070739,0.1762677764045503,31.697352647781372
abl_w6_s1_h20_archnew_fullhighreg_seed100,/home/chris/Documents/mlife/data/cleaned/weight_windows_future_targets_all_weeks.csv,next_20wk_weight_change,fullhighreg,100,4,64,2,0.5,0.001,0.01,2216,108,0.2391142702663349,0.1756662368774414,0.1610356193431623,32.27379870414734
abl_w6_s1_h20_archnew_fullhighreg_seed200,/home/chris/Documents/mlife/data/cleaned/weight_windows_future_targets_all_weeks.csv,next_20wk_weight_change,fullhighreg,200,4,64,2,0.5,0.001,0.01,2216,108,0.2542246066847304,0.1851862430572509,0.1692060658958012,32.135286808013916
abl_w6_s1_h20_archnew_fullhighreg_seed300,/home/chris/Documents/mlife/data/cleaned/weight_windows_future_targets_all_weeks.csv,next_20wk_weight_change,fullhighreg,300,4,64,2,0.5,0.001,0.01,2216,108,0.2531714995096322,0.183578336238861,0.1765531074952478,31.524049520492554
abl_w6_s1_h20_archnew_fullhighreg_seed400,/home/chris/Documents/mlife/data/cleaned/weight_windows_future_targets_all_weeks.csv,next_20wk_weight_change,fullhighreg,400,4,64,2,0.5,0.001,0.01,2216,108,0.2444123074309017,0.1781724333763122,0.1565096183007582,31.47414708137512
abl_w6_s1_h20_archnew_fullhighreg_seed500,/home/chris/Documents/mlife/data/cleaned/weight_windows_future_targets_all_weeks.csv,next_20wk_weight_change,fullhighreg,500,4,64,2,0.5,0.001,0.01,2216,108,0.2342925301548108,0.169498586654663,0.164334002219627,32.19829869270325
abl_w6_s1_h20_archnew_fullhighreg_seed1234,/home/chris/Documents/mlife/data/cleaned/weight_windows_future_targets_all_weeks.csv,next_20wk_weight_change,fullhighreg,1234,4,64,2,0.5,0.001,0.01,2216,108,0.2486164094572148,0.1808687567710876,0.169935666629947,33.195661783218384
abl_w6_s1_h20_archnew_fullhighreg_seed5678,/home/chris/Documents/mlife/data/cleaned/weight_windows_future_targets_all_weeks.csv,next_20wk_weight_change,fullhighreg,5678,4,64,2,0.5,0.001,0.01,2216,108,0.2489075659639893,0.1786993622779846,0.1774493009174443,36.01758885383606
abl_w6_s1_h20_archnew_fullhighreg_seed8888,/home/chris/Documents/mlife/data/cleaned/weight_windows_future_targets_all_weeks.csv,next_20wk_weight_change,fullhighreg,8888,4,64,2,0.5,0.001,0.01,2216,108,0.2523877618846981,0.1828924179077148,0.1764915855654819,32.902872800827026
abl_w6_s1_h20_archnew_fullhighreg_seed31337,/home/chris/Documents/mlife/data/cleaned/weight_windows_future_targets_all_weeks.csv,next_20wk_weight_change,fullhighreg,31337,4,64,2,0.5,0.001,0.01,2216,108,0.2633837116518578,0.1911403656005859,0.1802560087366605,31.03227162361145
abl_w6_s1_h20_archold_nosupporthighreg_seed42,/home/chris/Documents/mlife/data/cleaned/weight_windows_future_targets_all_weeks.csv,next_20wk_weight_change,nosupporthighreg,42,4,32,2,0.5,0.001,0.01,2216,108,0.2468655937286762,0.1877388834953308,0.1206691128916735,43.16062593460083
abl_w6_s1_h20_archold_nosupporthighreg_seed69,/home/chris/Documents/mlife/data/cleaned/weight_windows_future_targets_all_weeks.csv,next_20wk_weight_change,nosupporthighreg,69,4,32,2,0.5,0.001,0.01,2216,108,0.249085458988343,0.1896276354789733,0.1246505799257115,44.53606915473938
abl_w6_s1_h20_archold_nosupporthighreg_seed123,/home/chris/Documents/mlife/data/cleaned/weight_windows_future_targets_all_weeks.csv,next_20wk_weight_change,nosupporthighreg,123,4,32,2,0.5,0.001,0.01,2216,108,0.2575794623152787,0.1928754687309265,0.1313722774057951,43.393362045288086
abl_w6_s1_h20_archold_nosupporthighreg_seed456,/home/chris/Documents/mlife/data/cleaned/weight_windows_future_targets_all_weeks.csv,next_20wk_weight_change,nosupporthighreg,456,4,32,2,0.5,0.001,0.01,2216,108,0.253764498033319,0.1943843960762024,0.1240014634321587,43.092859745025635
abl_w6_s1_h20_archold_nosupporthighreg_seed789,/home/chris/Documents/mlife/data/cleaned/weight_windows_future_targets_all_weeks.csv,next_20wk_weight_change,nosupporthighreg,789,4,32,2,0.5,0.001,0.01,2216,108,0.2663264805563209,0.204132604598999,0.1284855153658044,45.24152445793152
abl_w6_s1_h20_archold_nosupporthighreg_seed1024,/home/chris/Documents/mlife/data/cleaned/weight_windows_future_targets_all_weeks.csv,next_20wk_weight_change,nosupporthighreg,1024,4,32,2,0.5,0.001,0.01,2216,108,0.2450591987662839,0.1874572873115539,0.1141402493909461,40.22932505607605
abl_w6_s1_h20_archold_nosupporthighreg_seed2048,/home/chris/Documents/mlife/data/cleaned/weight_windows_future_targets_all_weeks.csv,next_20wk_weight_change,nosupporthighreg,2048,4,32,2,0.5,0.001,0.01,2216,108,0.2517378914048092,0.1908872961997985,0.1227318542021009,45.27644085884094
abl_w6_s1_h20_archold_nosupporthighreg_seed3333,/home/chris/Documents/mlife/data/cleaned/weight_windows_future_targets_all_weeks.csv,next_20wk_weight_change,nosupporthighreg,3333,4,32,2,0.5,0.001,0.01,2216,108,0.2539021020136788,0.1918477058410644,0.1218964883064205,44.81807565689087
abl_w6_s1_h20_archnew_nosupporthighreg_seed789,/home/chris/Documents/mlife/data/cleaned/weight_windows_future_targets_all_weeks.csv,next_20wk_weight_change,nosupporthighreg,789,4,64,2,0.5,0.001,0.01,2216,108,0.2671028151839417,0.2034189343452453,0.1307988721044081,42.865615129470825
abl_w6_s1_h20_archnew_nosupporthighreg_seed1024,/home/chris/Documents/mlife/data/cleaned/weight_windows_future_targets_all_weeks.csv,next_20wk_weight_change,nosupporthighreg,1024,4,64,2,0.5,0.001,0.01,2216,108,0.255795609653112,0.1956207394599914,0.1238851361950087,40.11689901351929
abl_w6_s1_h20_archnew_nosupporthighreg_seed2048,/home/chris/Documents/mlife/data/cleaned/weight_windows_future_targets_all_weeks.csv,next_20wk_weight_change,nosupporthighreg,2048,4,64,2,0.5,0.001,0.01,2216,108,0.2629045570004936,0.2014622688293457,0.1303503427083936,45.97057271003723
abl_w6_s1_h20_archnew_nosupporthighreg_seed3333,/home/chris/Documents/mlife/data/cleaned/weight_windows_future_targets_all_weeks.csv,next_20wk_weight_change,nosupporthighreg,3333,4,64,2,0.5,0.001,0.01,2216,108,0.246379241497465,0.1866670131683349,0.1212983173641138,39.86807894706726
abl_w6_s1_h20_archnew_nosupporthighreg_seed5555,/home/chris/Documents/mlife/data/cleaned/weight_windows_future_targets_all_weeks.csv,next_20wk_weight_change,nosupporthighreg,5555,4,64,2,0.5,0.001,0.01,2216,108,0.269042658508775,0.2066457748413085,0.1305662050373556,44.70587158203125
abl_w6_s1_h20_archnew_nosupporthighreg_seed7777,/home/chris/Documents/mlife/data/cleaned/weight_windows_future_targets_all_weeks.csv,next_20wk_weight_change,nosupporthighreg,7777,4,64,2,0.5,0.001,0.01,2216,108,0.2619467866772739,0.2001213908195495,0.1268099058752999,37.71115016937256
abl_w6_s1_h20_archnew_nosupporthighreg_seed9999,/home/chris/Documents/mlife/data/cleaned/weight_windows_future_targets_all_weeks.csv,next_20wk_weight_change,nosupporthighreg,9999,4,64,2,0.5,0.001,0.01,2216,108,0.2716413230665272,0.2103820919990539,0.1283394155373593,37.596001863479614
abl_w6_s1_h20_archnew_nosupporthighreg_seed100,/home/chris/Documents/mlife/data/cleaned/weight_windows_future_targets_all_weeks.csv,next_20wk_weight_change,nosupporthighreg,100,4,64,2,0.5,0.001,0.01,2216,108,0.264435199696606,0.2021712183952331,0.129220422749878,40.71500110626221
abl_w6_s1_h20_archnew_nosupporthighreg_seed200,/home/chris/Documents/mlife/data/cleaned/weight_windows_future_targets_all_weeks.csv,next_20wk_weight_change,nosupporthighreg,200,4,64,2,0.5,0.001,0.01,2216,108,0.255491717564233,0.1953042268753052,0.1256170828349881,44.031975746154785
abl_w6_s1_h20_archnew_nosupporthighreg_seed300,/home/chris/Documents/mlife/data/cleaned/weight_windows_future_targets_all_weeks.csv,next_20wk_weight_change,nosupporthighreg,300,4,64,2,0.5,0.001,0.01,2216,108,0.2606281451258508,0.2011254668235778,0.1290061154974726,42.32181429862976
abl_w6_s1_h20_archnew_nosupporthighreg_seed400,/home/chris/Documents/mlife/data/cleaned/weight_windows_future_targets_all_weeks.csv,next_20wk_weight_change,nosupporthighreg,400,4,64,2,0.5,0.001,0.01,2216,108,0.2506856323463717,0.1896800398826599,0.1233098100340847,41.164616107940674
abl_w6_s1_h20_archnew_nosupporthighreg_seed500,/home/chris/Documents/mlife/data/cleaned/weight_windows_future_targets_all_weeks.csv,next_20wk_weight_change,nosupporthighreg,500,4,64,2,0.5,0.001,0.01,2216,108,0.2492718732565699,0.1895854473114013,0.1133833326073701,39.27184987068176
abl_w6_s1_h20_archnew_nosupporthighreg_seed1234,/home/chris/Documents/mlife/data/cleaned/weight_windows_future_targets_all_weeks.csv,next_20wk_weight_change,nosupporthighreg,1234,4,64,2,0.5,0.001,0.01,2216,108,0.2513972215345861,0.1903173089027404,0.1190825877279846,40.53523254394531
abl_w6_s1_h20_archnew_nosupporthighreg_seed5678,/home/chris/Documents/mlife/data/cleaned/weight_windows_future_targets_all_weeks.csv,next_20wk_weight_change,nosupporthighreg,5678,4,64,2,0.5,0.001,0.01,2216,108,0.26507172874921,0.1988390326499939,0.1345644261308054,42.40237855911255
abl_w6_s1_h20_archnew_nosupporthighreg_seed8888,/home/chris/Documents/mlife/data/cleaned/weight_windows_future_targets_all_weeks.csv,next_20wk_weight_change,nosupporthighreg,8888,4,64,2,0.5,0.001,0.01,2216,108,0.2634587905419325,0.2008928418159485,0.1305877561428455,41.5797119140625
abl_w6_s1_h20_archnew_nosupporthighreg_seed31337,/home/chris/Documents/mlife/data/cleaned/weight_windows_future_targets_all_weeks.csv,next_20wk_weight_change,nosupporthighreg,31337,4,64,2,0.5,0.001,0.01,2216,108,0.2685492900067054,0.2045872211456298,0.1313883403373271,41.97597622871399
